{
    "loss": 0.6106406450271606,
    "accuracy": 0.9224137663841248
}