{
    "loss": 0.5093883872032166,
    "accuracy": 0.9568965435028076
}