{
    "loss": 1.3766777515411377,
    "accuracy": 0.8620689511299133
}